{"cameraMode":{"drawMode":0,"name":"Shaded","section":"Shading Mode"},"sceneLighting":false,"audioPlay":false,"sceneViewState":{"showFog":true,"showMaterialUpdate":true,"showSkybox":false,"showFlares":true,"showImageEffects":true,"showParticleSystems":true},"in2DMode":false,"pivot":{"x":11.459999084472657,"y":0.0,"z":-35.10097885131836},"rotation":{"x":0.034781914204359058,"y":0.9336188435554504,"z":-0.09443775564432144,"w":0.3438425362110138},"size":12.724581718444825,"orthographic":false}