{"cameraMode":{"drawMode":0,"name":"Shaded","section":"Shading Mode"},"sceneLighting":true,"audioPlay":false,"sceneViewState":{"showFog":true,"showMaterialUpdate":true,"showSkybox":true,"showFlares":true,"showImageEffects":true,"showParticleSystems":true},"in2DMode":false,"pivot":{"x":0.0017657279968261719,"y":0.2360602617263794,"z":-0.00842583179473877},"rotation":{"x":-0.013772987760603428,"y":0.9836843013763428,"z":-0.08610427379608154,"w":-0.15735800564289094},"size":2.528179407119751,"orthographic":false}