{"cameraMode":{"drawMode":0,"name":"Shaded","section":"Shading Mode"},"sceneLighting":true,"audioPlay":false,"sceneViewState":{"showFog":true,"showMaterialUpdate":true,"showSkybox":true,"showFlares":true,"showImageEffects":true,"showParticleSystems":true},"in2DMode":false,"pivot":{"x":3.7752647399902345,"y":-1.1105014085769654,"z":4.812569618225098},"rotation":{"x":0.02655135840177536,"y":0.9488954544067383,"z":-0.08305865526199341,"w":0.3033047020435333},"size":7.369495868682861,"orthographic":false}