{"cameraMode":{"drawMode":0,"name":"Shaded","section":"Shading Mode"},"sceneLighting":false,"audioPlay":false,"sceneViewState":{"showFog":true,"showMaterialUpdate":true,"showSkybox":false,"showFlares":true,"showImageEffects":true,"showParticleSystems":true},"in2DMode":false,"pivot":{"x":11.36202621459961,"y":0.358490526676178,"z":-35.251075744628909},"rotation":{"x":0.0037261813413351776,"y":-0.9749418497085571,"z":0.016390515491366388,"w":0.221824049949646},"size":15.917546272277832,"orthographic":false}