{"cameraMode":{"drawMode":0,"name":"Shaded","section":"Shading Mode"},"sceneLighting":false,"audioPlay":false,"sceneViewState":{"showFog":true,"showMaterialUpdate":true,"showSkybox":false,"showFlares":true,"showImageEffects":true,"showParticleSystems":true},"in2DMode":false,"pivot":{"x":27.818830490112306,"y":-3.307971715927124,"z":-37.25616455078125},"rotation":{"x":0.0145154083147645,"y":0.984320342540741,"z":-0.14605751633644105,"w":0.0978267639875412},"size":0.13856720924377442,"orthographic":false}