{"cameraMode":{"drawMode":0,"name":"Shaded","section":"Shading Mode"},"sceneLighting":false,"audioPlay":false,"sceneViewState":{"showFog":true,"showMaterialUpdate":true,"showSkybox":false,"showFlares":true,"showImageEffects":true,"showParticleSystems":true},"in2DMode":false,"pivot":{"x":-0.426829993724823,"y":0.03535100072622299,"z":-1.1959999799728394},"rotation":{"x":0.0755496472120285,"y":0.8916704058647156,"z":0.16197223961353303,"w":-0.41591009497642519},"size":0.535118579864502,"orthographic":false}