{"cameraMode":{"drawMode":0,"name":"Shaded","section":"Shading Mode"},"sceneLighting":false,"audioPlay":false,"sceneViewState":{"showFog":true,"showMaterialUpdate":true,"showSkybox":false,"showFlares":true,"showImageEffects":true,"showParticleSystems":true},"in2DMode":false,"pivot":{"x":-0.1957373321056366,"y":-0.03024613857269287,"z":-1.2034295797348023},"rotation":{"x":-0.29007774591445925,"y":0.6246026754379273,"z":-0.269106924533844,"w":-0.6732814311981201},"size":1.571038007736206,"orthographic":false}