{"cameraMode":{"drawMode":0,"name":"Shaded","section":"Shading Mode"},"sceneLighting":false,"audioPlay":false,"sceneViewState":{"showFog":true,"showMaterialUpdate":true,"showSkybox":false,"showFlares":true,"showImageEffects":true,"showParticleSystems":true},"in2DMode":false,"pivot":{"x":2.975057363510132,"y":-0.14500999450683595,"z":4.677000045776367},"rotation":{"x":-0.08762570470571518,"y":0.7047648429870606,"z":-0.08842185139656067,"w":-0.6984338760375977},"size":8.765097618103028,"orthographic":false}